patch,type,scan_id,actual,pred
0,train,,0,0.4968243
0,train,,0,0.49682212
0,train,,0,0.49682435
0,train,,0,0.49682212
0,train,,0,0.49682212
0,train,,0,0.49682435
0,train,,0,0.4968243
0,train,,0,0.49682212
0,train,,0,0.4968243
0,train,,0,0.4968243
0,train,,0,0.49682212
0,train,,0,0.49682212
0,train,,0,0.49682212
0,train,,0,0.49682212
0,train,,0,0.4968243
0,train,,0,0.49682212
0,train,,0,0.49682435
0,train,,0,0.49682435
0,train,,0,0.49682212
0,train,,0,0.49682212
0,train,,0,0.4968243
0,train,,0,0.4968243
0,train,,0,0.49682212
0,train,,0,0.49682212
0,train,,0,0.49682212
0,train,,0,0.49682212
0,train,,0,0.49682212
0,train,,0,0.49682212
0,train,,0,0.49682212
0,train,,0,0.49682435
0,train,,1,0.49682212
0,train,,1,0.49682212
0,train,,1,0.49682218
0,train,,1,0.49682212
0,train,,1,0.49682212
0,train,,1,0.49682435
0,train,,1,0.4968243
0,train,,1,0.49682212
0,train,,1,0.4968243
0,train,,1,0.49682212
0,train,,1,0.49682212
0,train,,1,0.49682212
0,train,,1,0.49682212
0,train,,1,0.49682435
0,train,,1,0.49682212
0,train,,1,0.4968243
0,train,,1,0.49682435
0,train,,1,0.49682212
0,train,,1,0.49682212
0,train,,1,0.4968243
0,train,,1,0.49682212
0,train,,1,0.4968243
0,train,,1,0.496823
0,train,,1,0.49682212
0,train,,1,0.49682212
0,train,,1,0.49682212
0,train,,1,0.49682212
0,train,,1,0.4968244
0,train,,1,0.49682212
0,train,,1,0.49682435
0,val,,0,0.4968243
0,val,,0,0.49682212
0,val,,0,0.4968243
0,val,,0,0.49682212
0,val,,0,0.4968243
0,val,,0,0.4968243
0,val,,0,0.4968243
0,val,,0,0.49682212
0,val,,0,0.49682212
0,val,,0,0.49682212
0,val,,1,0.49682435
0,val,,1,0.49682212
0,val,,1,0.49682435
0,val,,1,0.4968243
0,val,,1,0.49682313
0,val,,1,0.49682212
0,val,,1,0.49682212
0,val,,1,0.49682212
0,val,,1,0.49682212
0,val,,1,0.49682212
0,test,,0,0.4968243
0,test,,0,0.49682435
0,test,,0,0.4968243
0,test,,0,0.49682212
0,test,,0,0.49682212
0,test,,0,0.49682212
0,test,,0,0.49682212
0,test,,0,0.4968243
0,test,,0,0.49682435
0,test,,0,0.4968243
0,test,,1,0.49682435
0,test,,1,0.49682212
0,test,,1,0.4968243
0,test,,1,0.49682212
0,test,,1,0.49682212
0,test,,1,0.49682435
0,test,,1,0.49682212
0,test,,1,0.49682212
0,test,,1,0.49682435
0,test,,1,0.49682212
1,train,,0,0.5049611
1,train,,0,0.5049629
1,train,,0,0.5049633
1,train,,0,0.50496125
1,train,,0,0.50496256
1,train,,0,0.5049633
1,train,,0,0.5049627
1,train,,0,0.504961
1,train,,0,0.5049633
1,train,,0,0.50496274
1,train,,0,0.5049629
1,train,,0,0.5049629
1,train,,0,0.50496256
1,train,,0,0.5049616
1,train,,0,0.50496256
1,train,,0,0.5049625
1,train,,0,0.50496256
1,train,,0,0.50496256
1,train,,0,0.5049633
1,train,,0,0.50496304
1,train,,0,0.5049611
1,train,,0,0.50496346
1,train,,0,0.5049633
1,train,,0,0.5049629
1,train,,0,0.5049628
1,train,,0,0.504961
1,train,,0,0.50496346
1,train,,0,0.5049644
1,train,,0,0.5049621
1,train,,0,0.50496477
1,train,,1,0.50496167
1,train,,1,0.5049629
1,train,,1,0.5049646
1,train,,1,0.50496286
1,train,,1,0.504961
1,train,,1,0.5049621
1,train,,1,0.5049621
1,train,,1,0.5049642
1,train,,1,0.50496346
1,train,,1,0.5049607
1,train,,1,0.5049607
1,train,,1,0.5049617
1,train,,1,0.5049616
1,train,,1,0.50496256
1,train,,1,0.5049621
1,train,,1,0.504962
1,train,,1,0.50496256
1,train,,1,0.50496256
1,train,,1,0.50496125
1,train,,1,0.50496364
1,train,,1,0.50496334
1,train,,1,0.5049633
1,train,,1,0.50496274
1,train,,1,0.50496286
1,train,,1,0.5049623
1,train,,1,0.50496227
1,train,,1,0.5049641
1,train,,1,0.5049616
1,train,,1,0.5049629
1,train,,1,0.50496286
1,val,,0,0.50496346
1,val,,0,0.5049607
1,val,,0,0.50496095
1,val,,0,0.5049638
1,val,,0,0.5049635
1,val,,0,0.50496346
1,val,,0,0.50496346
1,val,,0,0.50496286
1,val,,0,0.50496286
1,val,,0,0.5049623
1,val,,1,0.50496215
1,val,,1,0.50496286
1,val,,1,0.5049625
1,val,,1,0.504962
1,val,,1,0.5049641
1,val,,1,0.5049621
1,val,,1,0.5049623
1,val,,1,0.50496274
1,val,,1,0.50496346
1,val,,1,0.5049612
1,test,,0,0.50496364
1,test,,0,0.50496364
1,test,,0,0.5049629
1,test,,0,0.50496286
1,test,,0,0.50496244
1,test,,0,0.5049619
1,test,,0,0.5049607
1,test,,0,0.5049635
1,test,,0,0.50496465
1,test,,0,0.50496274
1,test,,1,0.504962
1,test,,1,0.5049607
1,test,,1,0.5049656
1,test,,1,0.50496256
1,test,,1,0.5049607
1,test,,1,0.5049656
1,test,,1,0.50496286
1,test,,1,0.5049623
1,test,,1,0.50496215
1,test,,1,0.5049607
2,train,,0,0.48821867
2,train,,0,0.48821867
2,train,,0,0.48821867
2,train,,0,0.48821867
2,train,,0,0.48821867
2,train,,0,0.48821867
2,train,,0,0.48821867
2,train,,0,0.48821867
2,train,,0,0.48821867
2,train,,0,0.48821867
2,train,,0,0.48821867
2,train,,0,0.48821867
2,train,,0,0.48821867
2,train,,0,0.48821867
2,train,,0,0.48821867
2,train,,0,0.48821867
2,train,,0,0.48821867
2,train,,0,0.48821867
2,train,,0,0.48821867
2,train,,0,0.48821867
2,train,,0,0.48821867
2,train,,0,0.48821867
2,train,,0,0.48821867
2,train,,0,0.48821867
2,train,,0,0.48821867
2,train,,0,0.48821867
2,train,,0,0.48821867
2,train,,0,0.48821867
2,train,,0,0.48821867
2,train,,0,0.48821867
2,train,,1,0.48821867
2,train,,1,0.48821867
2,train,,1,0.48821867
2,train,,1,0.48821867
2,train,,1,0.48821867
2,train,,1,0.48821867
2,train,,1,0.48821867
2,train,,1,0.48821867
2,train,,1,0.48821867
2,train,,1,0.48821867
2,train,,1,0.48821867
2,train,,1,0.48821867
2,train,,1,0.48821867
2,train,,1,0.48821867
2,train,,1,0.48821867
2,train,,1,0.48821867
2,train,,1,0.48821867
2,train,,1,0.48821867
2,train,,1,0.48821867
2,train,,1,0.48821867
2,train,,1,0.48821867
2,train,,1,0.48821867
2,train,,1,0.48821867
2,train,,1,0.48821867
2,train,,1,0.48821867
2,train,,1,0.48821867
2,train,,1,0.48821867
2,train,,1,0.48821867
2,train,,1,0.48821867
2,train,,1,0.48821867
2,val,,0,0.48821867
2,val,,0,0.48821867
2,val,,0,0.48821867
2,val,,0,0.48821867
2,val,,0,0.48821867
2,val,,0,0.48821867
2,val,,0,0.48821867
2,val,,0,0.48821867
2,val,,0,0.48821867
2,val,,0,0.48821867
2,val,,1,0.48821867
2,val,,1,0.48821867
2,val,,1,0.48821867
2,val,,1,0.48821867
2,val,,1,0.48821867
2,val,,1,0.48821867
2,val,,1,0.48821867
2,val,,1,0.48821867
2,val,,1,0.48821867
2,val,,1,0.48821867
2,test,,0,0.48821867
2,test,,0,0.48821867
2,test,,0,0.48821867
2,test,,0,0.48821867
2,test,,0,0.48821867
2,test,,0,0.48821867
2,test,,0,0.48821867
2,test,,0,0.48821867
2,test,,0,0.48821867
2,test,,0,0.48821867
2,test,,1,0.48821867
2,test,,1,0.48821867
2,test,,1,0.48821867
2,test,,1,0.48821867
2,test,,1,0.48821867
2,test,,1,0.48821867
2,test,,1,0.48821867
2,test,,1,0.48821867
2,test,,1,0.48821867
2,test,,1,0.48821867
3,train,,0,0.49964547
3,train,,0,0.49964547
3,train,,0,0.49964547
3,train,,0,0.49964547
3,train,,0,0.49964547
3,train,,0,0.49964547
3,train,,0,0.49964547
3,train,,0,0.49964547
3,train,,0,0.49964547
3,train,,0,0.49964547
3,train,,0,0.49964547
3,train,,0,0.49964547
3,train,,0,0.49964547
3,train,,0,0.49964547
3,train,,0,0.49964547
3,train,,0,0.49964547
3,train,,0,0.49964547
3,train,,0,0.49964547
3,train,,0,0.49964547
3,train,,0,0.49964547
3,train,,0,0.49964547
3,train,,0,0.49964547
3,train,,0,0.49964547
3,train,,0,0.49964547
3,train,,0,0.49964547
3,train,,0,0.49964547
3,train,,0,0.49964547
3,train,,0,0.49964547
3,train,,0,0.49964547
3,train,,0,0.49964547
3,train,,1,0.49964547
3,train,,1,0.49964547
3,train,,1,0.49964547
3,train,,1,0.49964547
3,train,,1,0.49964547
3,train,,1,0.49964547
3,train,,1,0.49964547
3,train,,1,0.49964547
3,train,,1,0.49964547
3,train,,1,0.49964547
3,train,,1,0.49964547
3,train,,1,0.49964547
3,train,,1,0.49964547
3,train,,1,0.49964547
3,train,,1,0.49964547
3,train,,1,0.49964547
3,train,,1,0.49964547
3,train,,1,0.49964547
3,train,,1,0.49964547
3,train,,1,0.49964547
3,train,,1,0.49964547
3,train,,1,0.49964547
3,train,,1,0.49964547
3,train,,1,0.49964547
3,train,,1,0.49964547
3,train,,1,0.49964547
3,train,,1,0.49964547
3,train,,1,0.49964547
3,train,,1,0.49964547
3,train,,1,0.49964547
3,val,,0,0.49964547
3,val,,0,0.49964547
3,val,,0,0.49964547
3,val,,0,0.49964547
3,val,,0,0.49964547
3,val,,0,0.49964547
3,val,,0,0.49964547
3,val,,0,0.49964547
3,val,,0,0.49964547
3,val,,0,0.49964547
3,val,,1,0.49964547
3,val,,1,0.49964547
3,val,,1,0.49964547
3,val,,1,0.49964547
3,val,,1,0.49964547
3,val,,1,0.49964547
3,val,,1,0.49964547
3,val,,1,0.49964547
3,val,,1,0.49964547
3,val,,1,0.49964547
3,test,,0,0.49964547
3,test,,0,0.49964547
3,test,,0,0.49964547
3,test,,0,0.49964547
3,test,,0,0.49964547
3,test,,0,0.49964547
3,test,,0,0.49964547
3,test,,0,0.49964547
3,test,,0,0.49964547
3,test,,0,0.49964547
3,test,,1,0.49964547
3,test,,1,0.49964547
3,test,,1,0.49964547
3,test,,1,0.49964547
3,test,,1,0.49964547
3,test,,1,0.49964547
3,test,,1,0.49964547
3,test,,1,0.49964547
3,test,,1,0.49964547
3,test,,1,0.49964547
4,train,,0,0.4993344
4,train,,0,0.49934462
4,train,,0,0.49934462
4,train,,0,0.49934462
4,train,,0,0.49934462
4,train,,0,0.49934462
4,train,,0,0.49934462
4,train,,0,0.49934462
4,train,,0,0.49934468
4,train,,0,0.4992614
4,train,,0,0.49934462
4,train,,0,0.49934462
4,train,,0,0.49934462
4,train,,0,0.49934462
4,train,,0,0.49934462
4,train,,0,0.49934462
4,train,,0,0.49934462
4,train,,0,0.49934462
4,train,,0,0.49934462
4,train,,0,0.49934462
4,train,,0,0.49934474
4,train,,0,0.49934462
4,train,,0,0.49934462
4,train,,0,0.49934462
4,train,,0,0.49933973
4,train,,0,0.49934462
4,train,,0,0.49934462
4,train,,0,0.49934462
4,train,,0,0.49934462
4,train,,0,0.49934462
4,train,,1,0.49934462
4,train,,1,0.49934462
4,train,,1,0.49934462
4,train,,1,0.49934462
4,train,,1,0.49934462
4,train,,1,0.49933985
4,train,,1,0.49932724
4,train,,1,0.49934462
4,train,,1,0.49934462
4,train,,1,0.49934462
4,train,,1,0.49934462
4,train,,1,0.49934462
4,train,,1,0.49934462
4,train,,1,0.49934462
4,train,,1,0.49934462
4,train,,1,0.49933088
4,train,,1,0.49934462
4,train,,1,0.49934474
4,train,,1,0.49934462
4,train,,1,0.49934462
4,train,,1,0.49934462
4,train,,1,0.49934468
4,train,,1,0.49934462
4,train,,1,0.49934462
4,train,,1,0.49934462
4,train,,1,0.49934462
4,train,,1,0.49934462
4,train,,1,0.49934462
4,train,,1,0.49934462
4,train,,1,0.49934462
4,val,,0,0.49934462
4,val,,0,0.49934462
4,val,,0,0.49934462
4,val,,0,0.49934462
4,val,,0,0.49934462
4,val,,0,0.49934462
4,val,,0,0.4993219
4,val,,0,0.49934462
4,val,,0,0.49934462
4,val,,0,0.49934462
4,val,,1,0.49934378
4,val,,1,0.49934462
4,val,,1,0.49934462
4,val,,1,0.49934462
4,val,,1,0.49934462
4,val,,1,0.49934462
4,val,,1,0.49934462
4,val,,1,0.49934462
4,val,,1,0.49934462
4,val,,1,0.49934462
4,test,,0,0.49934462
4,test,,0,0.4993442
4,test,,0,0.49934462
4,test,,0,0.49934462
4,test,,0,0.49934462
4,test,,0,0.4993442
4,test,,0,0.49934462
4,test,,0,0.49934462
4,test,,0,0.49934462
4,test,,0,0.49934462
4,test,,1,0.49934462
4,test,,1,0.49934462
4,test,,1,0.49934468
4,test,,1,0.49934462
4,test,,1,0.49934462
4,test,,1,0.49934462
4,test,,1,0.49934456
4,test,,1,0.49934462
4,test,,1,0.49934462
4,test,,1,0.49934462
5,train,,0,0.4843531
5,train,,0,0.48547426
5,train,,0,0.48549068
5,train,,0,0.48673302
5,train,,0,0.48520654
5,train,,0,0.48581493
5,train,,0,0.48422918
5,train,,0,0.48697445
5,train,,0,0.48711652
5,train,,0,0.48729998
5,train,,0,0.48676443
5,train,,0,0.4867768
5,train,,0,0.48696285
5,train,,0,0.48452252
5,train,,0,0.48722023
5,train,,0,0.486725
5,train,,0,0.48510936
5,train,,0,0.48697183
5,train,,0,0.48538595
5,train,,0,0.48730338
5,train,,0,0.48880035
5,train,,0,0.4858197
5,train,,0,0.48557124
5,train,,0,0.48654494
5,train,,0,0.4857252
5,train,,0,0.4864212
5,train,,0,0.48420104
5,train,,0,0.48879808
5,train,,0,0.4846943
5,train,,0,0.48592046
5,train,,1,0.48646775
5,train,,1,0.48624453
5,train,,1,0.48796624
5,train,,1,0.48746026
5,train,,1,0.48665577
5,train,,1,0.4840228
5,train,,1,0.48599026
5,train,,1,0.48971623
5,train,,1,0.4860867
5,train,,1,0.48706096
5,train,,1,0.48647413
5,train,,1,0.48589095
5,train,,1,0.48671895
5,train,,1,0.48681256
5,train,,1,0.4869546
5,train,,1,0.48405832
5,train,,1,0.48496947
5,train,,1,0.48636281
5,train,,1,0.48609075
5,train,,1,0.4890696
5,train,,1,0.48447224
5,train,,1,0.48691416
5,train,,1,0.48959756
5,train,,1,0.48778656
5,train,,1,0.48711437
5,train,,1,0.4851484
5,train,,1,0.4848578
5,train,,1,0.48562124
5,train,,1,0.48705173
5,train,,1,0.48557556
5,val,,0,0.48608994
5,val,,0,0.4879414
5,val,,0,0.48595005
5,val,,0,0.48642775
5,val,,0,0.48460475
5,val,,0,0.48553324
5,val,,0,0.48744184
5,val,,0,0.4868302
5,val,,0,0.48652694
5,val,,0,0.48802778
5,val,,1,0.48690966
5,val,,1,0.48749834
5,val,,1,0.48667857
5,val,,1,0.48648766
5,val,,1,0.4862339
5,val,,1,0.4874139
5,val,,1,0.4867677
5,val,,1,0.48647943
5,val,,1,0.48725566
5,val,,1,0.4860086
5,test,,0,0.48525444
5,test,,0,0.4831505
5,test,,0,0.4854259
5,test,,0,0.48590368
5,test,,0,0.48634347
5,test,,0,0.48610088
5,test,,0,0.48947015
5,test,,0,0.4852061
5,test,,0,0.48562357
5,test,,0,0.49159688
5,test,,1,0.48807025
5,test,,1,0.48662323
5,test,,1,0.48496678
5,test,,1,0.48787037
5,test,,1,0.48600665
5,test,,1,0.4858482
5,test,,1,0.4866571
5,test,,1,0.48523912
5,test,,1,0.48427972
5,test,,1,0.48730204
6,train,,0,0.5000806
6,train,,0,0.50008047
6,train,,0,0.5000803
6,train,,0,0.5000802
6,train,,0,0.50008225
6,train,,0,0.5000804
6,train,,0,0.5000816
6,train,,0,0.5000813
6,train,,0,0.5000809
6,train,,0,0.50008035
6,train,,0,0.50008094
6,train,,0,0.50008106
6,train,,0,0.50008076
6,train,,0,0.5000809
6,train,,0,0.50008005
6,train,,0,0.5000801
6,train,,0,0.50008017
6,train,,0,0.50008017
6,train,,0,0.5000808
6,train,,0,0.50008166
6,train,,0,0.5000802
6,train,,0,0.5000802
6,train,,0,0.5000808
6,train,,0,0.50008035
6,train,,0,0.50008076
6,train,,0,0.50008136
6,train,,0,0.5000801
6,train,,0,0.5000812
6,train,,0,0.5000805
6,train,,0,0.5000801
6,train,,1,0.5000811
6,train,,1,0.5000809
6,train,,1,0.5000809
6,train,,1,0.50008106
6,train,,1,0.50008106
6,train,,1,0.5000805
6,train,,1,0.5000805
6,train,,1,0.50008047
6,train,,1,0.50007975
6,train,,1,0.5000813
6,train,,1,0.5000812
6,train,,1,0.50008136
6,train,,1,0.50008076
6,train,,1,0.5000812
6,train,,1,0.5000801
6,train,,1,0.50007963
6,train,,1,0.5000803
6,train,,1,0.500081
6,train,,1,0.5000816
6,train,,1,0.5000799
6,train,,1,0.50008106
6,train,,1,0.50008047
6,train,,1,0.5000831
6,train,,1,0.50008035
6,train,,1,0.5000802
6,train,,1,0.50008094
6,train,,1,0.5000809
6,train,,1,0.50007993
6,train,,1,0.50008106
6,train,,1,0.50008017
6,val,,0,0.50008076
6,val,,0,0.50008035
6,val,,0,0.5000799
6,val,,0,0.5000801
6,val,,0,0.5000804
6,val,,0,0.50008005
6,val,,0,0.5000813
6,val,,0,0.5000808
6,val,,0,0.50008047
6,val,,0,0.5000798
6,val,,1,0.50008065
6,val,,1,0.5000812
6,val,,1,0.50008106
6,val,,1,0.50008
6,val,,1,0.5000813
6,val,,1,0.5000807
6,val,,1,0.50007975
6,val,,1,0.5000822
6,val,,1,0.5000808
6,val,,1,0.50007915
6,test,,0,0.50008017
6,test,,0,0.50008065
6,test,,0,0.500082
6,test,,0,0.500081
6,test,,0,0.50008017
6,test,,0,0.5000806
6,test,,0,0.500081
6,test,,0,0.50008017
6,test,,0,0.5000803
6,test,,0,0.50007993
6,test,,1,0.5000809
6,test,,1,0.50008225
6,test,,1,0.50008017
6,test,,1,0.50008065
6,test,,1,0.5000803
6,test,,1,0.5000803
6,test,,1,0.500083
6,test,,1,0.50008065
6,test,,1,0.50008005
6,test,,1,0.50008017
7,train,,0,0.50044745
7,train,,0,0.5004479
7,train,,0,0.5004489
7,train,,0,0.5004473
7,train,,0,0.5004483
7,train,,0,0.5004491
7,train,,0,0.5004472
7,train,,0,0.5004474
7,train,,0,0.5004474
7,train,,0,0.50044733
7,train,,0,0.5004474
7,train,,0,0.5004484
7,train,,0,0.5004475
7,train,,0,0.50044906
7,train,,0,0.5004472
7,train,,0,0.5004495
7,train,,0,0.50044894
7,train,,0,0.5004476
7,train,,0,0.50044996
7,train,,0,0.50044745
7,train,,0,0.50044745
7,train,,0,0.5004474
7,train,,0,0.5004489
7,train,,0,0.50044763
7,train,,0,0.50044715
7,train,,0,0.5004471
7,train,,0,0.50044805
7,train,,0,0.50044864
7,train,,0,0.5004492
7,train,,0,0.50044894
7,train,,1,0.5004491
7,train,,1,0.50044906
7,train,,1,0.50044763
7,train,,1,0.5004499
7,train,,1,0.5004476
7,train,,1,0.5004487
7,train,,1,0.5004471
7,train,,1,0.5004475
7,train,,1,0.50044894
7,train,,1,0.5004475
7,train,,1,0.50045025
7,train,,1,0.500449
7,train,,1,0.50044733
7,train,,1,0.5004476
7,train,,1,0.5004476
7,train,,1,0.50044763
7,train,,1,0.50044847
7,train,,1,0.50044733
7,train,,1,0.50044763
7,train,,1,0.50044906
7,train,,1,0.5004491
7,train,,1,0.50044906
7,train,,1,0.50044984
7,train,,1,0.5004474
7,train,,1,0.5004471
7,train,,1,0.5004489
7,train,,1,0.500449
7,train,,1,0.5004471
7,train,,1,0.500449
7,train,,1,0.5004466
7,val,,0,0.5004473
7,val,,0,0.5004474
7,val,,0,0.50044906
7,val,,0,0.50044894
7,val,,0,0.5004489
7,val,,0,0.50044763
7,val,,0,0.50044745
7,val,,0,0.5004471
7,val,,0,0.5004488
7,val,,0,0.50044763
7,val,,1,0.5004501
7,val,,1,0.5004474
7,val,,1,0.5004491
7,val,,1,0.5004499
7,val,,1,0.50044984
7,val,,1,0.5004476
7,val,,1,0.5004489
7,val,,1,0.5004473
7,val,,1,0.50044876
7,val,,1,0.5004475
7,test,,0,0.50044703
7,test,,0,0.50044805
7,test,,0,0.50044924
7,test,,0,0.500449
7,test,,0,0.50044763
7,test,,0,0.5004474
7,test,,0,0.5004491
7,test,,0,0.5004474
7,test,,0,0.50044805
7,test,,0,0.50044674
7,test,,1,0.5004474
7,test,,1,0.5004467
7,test,,1,0.5004489
7,test,,1,0.5004499
7,test,,1,0.5004476
7,test,,1,0.5004491
7,test,,1,0.5004476
7,test,,1,0.50044894
7,test,,1,0.500449
7,test,,1,0.500449
8,train,,0,0.49921516
8,train,,0,0.49921516
8,train,,0,0.49921516
8,train,,0,0.49921516
8,train,,0,0.49921516
8,train,,0,0.49921516
8,train,,0,0.49921516
8,train,,0,0.49921516
8,train,,0,0.49921516
8,train,,0,0.49921516
8,train,,0,0.49921516
8,train,,0,0.49921516
8,train,,0,0.49921516
8,train,,0,0.49921516
8,train,,0,0.49921516
8,train,,0,0.49921516
8,train,,0,0.49921516
8,train,,0,0.49921516
8,train,,0,0.49921516
8,train,,0,0.49921516
8,train,,0,0.49921516
8,train,,0,0.49921516
8,train,,0,0.49921516
8,train,,0,0.49921516
8,train,,0,0.49921516
8,train,,0,0.49921516
8,train,,0,0.49921516
8,train,,0,0.49921516
8,train,,0,0.49921516
8,train,,0,0.49921516
8,train,,1,0.49921516
8,train,,1,0.49921516
8,train,,1,0.49921516
8,train,,1,0.49921516
8,train,,1,0.49921516
8,train,,1,0.49921516
8,train,,1,0.49921516
8,train,,1,0.49921516
8,train,,1,0.49921516
8,train,,1,0.49921516
8,train,,1,0.49921516
8,train,,1,0.49921516
8,train,,1,0.49921516
8,train,,1,0.49921516
8,train,,1,0.49921516
8,train,,1,0.49921516
8,train,,1,0.49921516
8,train,,1,0.49921516
8,train,,1,0.49921516
8,train,,1,0.49921516
8,train,,1,0.49921516
8,train,,1,0.49921516
8,train,,1,0.49921516
8,train,,1,0.49921516
8,train,,1,0.49921516
8,train,,1,0.49921516
8,train,,1,0.49921516
8,train,,1,0.49921516
8,train,,1,0.49921516
8,train,,1,0.49921516
8,val,,0,0.49921516
8,val,,0,0.49921516
8,val,,0,0.49921516
8,val,,0,0.49921516
8,val,,0,0.49921516
8,val,,0,0.49921516
8,val,,0,0.49921516
8,val,,0,0.49921516
8,val,,0,0.49921516
8,val,,0,0.49921516
8,val,,1,0.49921516
8,val,,1,0.49921516
8,val,,1,0.49921516
8,val,,1,0.49921516
8,val,,1,0.49921516
8,val,,1,0.49921516
8,val,,1,0.49921516
8,val,,1,0.49921516
8,val,,1,0.49921516
8,val,,1,0.49921516
8,test,,0,0.49921516
8,test,,0,0.49921516
8,test,,0,0.49921516
8,test,,0,0.49921516
8,test,,0,0.49921516
8,test,,0,0.49921516
8,test,,0,0.49921516
8,test,,0,0.49921516
8,test,,0,0.49921516
8,test,,0,0.49921516
8,test,,1,0.49921516
8,test,,1,0.49921516
8,test,,1,0.49921516
8,test,,1,0.49921516
8,test,,1,0.49921516
8,test,,1,0.49921516
8,test,,1,0.49921516
8,test,,1,0.49921516
8,test,,1,0.49921516
8,test,,1,0.49921516
9,train,,0,0.13785759
9,train,,0,0.32581297
9,train,,0,0.5686489
9,train,,0,0.62528545
9,train,,0,0.22588533
9,train,,0,0.115028515
9,train,,0,0.6014131
9,train,,0,0.53700775
9,train,,0,0.08751171
9,train,,0,0.07995557
9,train,,0,0.13236265
9,train,,0,0.62224084
9,train,,0,0.5849754
9,train,,0,0.58995104
9,train,,0,0.079247594
9,train,,0,0.08333973
9,train,,0,0.13258792
9,train,,0,0.45657843
9,train,,0,0.6031494
9,train,,0,0.6257574
9,train,,0,0.10250416
9,train,,0,0.087388806
9,train,,0,0.604136
9,train,,0,0.6229811
9,train,,0,0.17280471
9,train,,0,0.6273289
9,train,,0,0.08425634
9,train,,0,0.62322235
9,train,,0,0.32757786
9,train,,0,0.57914793
9,train,,1,0.2405473
9,train,,1,0.28915897
9,train,,1,0.62063235
9,train,,1,0.6259971
9,train,,1,0.6259779
9,train,,1,0.091777354
9,train,,1,0.31523803
9,train,,1,0.6070044
9,train,,1,0.34420332
9,train,,1,0.31417033
9,train,,1,0.6258726
9,train,,1,0.6044872
9,train,,1,0.23105344
9,train,,1,0.51718414
9,train,,1,0.61054957
9,train,,1,0.60117763
9,train,,1,0.26191565
9,train,,1,0.35424948
9,train,,1,0.35229483
9,train,,1,0.5773343
9,train,,1,0.59017116
9,train,,1,0.084720165
9,train,,1,0.62632066
9,train,,1,0.6204096
9,train,,1,0.55769217
9,train,,1,0.5810787
9,train,,1,0.13833928
9,train,,1,0.08698326
9,train,,1,0.58500785
9,train,,1,0.35086858
9,val,,0,0.15991375
9,val,,0,0.28948712
9,val,,0,0.22403601
9,val,,0,0.5898677
9,val,,0,0.09218006
9,val,,0,0.08537393
9,val,,0,0.16372104
9,val,,0,0.59268016
9,val,,0,0.15002507
9,val,,0,0.56743693
9,val,,1,0.22518077
9,val,,1,0.58140624
9,val,,1,0.572755
9,val,,1,0.12689905
9,val,,1,0.62327963
9,val,,1,0.3656168
9,val,,1,0.44529
9,val,,1,0.6247053
9,val,,1,0.5430861
9,val,,1,0.59295845
9,test,,0,0.08511085
9,test,,0,0.31178892
9,test,,0,0.54062176
9,test,,0,0.61782354
9,test,,0,0.6148254
9,test,,0,0.49984354
9,test,,0,0.46084335
9,test,,0,0.277541
9,test,,0,0.10161918
9,test,,0,0.6187606
9,test,,1,0.6267917
9,test,,1,0.6033536
9,test,,1,0.24635082
9,test,,1,0.37871382
9,test,,1,0.5371493
9,test,,1,0.24521612
9,test,,1,0.6267638
9,test,,1,0.13425691
9,test,,1,0.101776786
9,test,,1,0.36934984
10,train,,0,0.512143
10,train,,0,0.5120704
10,train,,0,0.54026866
10,train,,0,0.5121097
10,train,,0,0.51206267
10,train,,0,0.51206934
10,train,,0,0.51208746
10,train,,0,0.5124323
10,train,,0,0.5121499
10,train,,0,0.5142711
10,train,,0,0.512092
10,train,,0,0.51234996
10,train,,0,0.5155535
10,train,,0,0.51213574
10,train,,0,0.51206976
10,train,,0,0.51273835
10,train,,0,0.5159005
10,train,,0,0.51243275
10,train,,0,0.51535964
10,train,,0,0.51239216
10,train,,0,0.5120854
10,train,,0,0.5120713
10,train,,0,0.51362526
10,train,,0,0.51307005
10,train,,0,0.5121946
10,train,,0,0.54867
10,train,,0,0.51209223
10,train,,0,0.51607585
10,train,,0,0.51288223
10,train,,0,0.51206803
10,train,,1,0.5366051
10,train,,1,0.5120659
10,train,,1,0.53201884
10,train,,1,0.5130675
10,train,,1,0.51528406
10,train,,1,0.5120935
10,train,,1,0.51306367
10,train,,1,0.54453117
10,train,,1,0.5130354
10,train,,1,0.5132131
10,train,,1,0.5201923
10,train,,1,0.51321346
10,train,,1,0.5320613
10,train,,1,0.5120825
10,train,,1,0.51376015
10,train,,1,0.5130675
10,train,,1,0.51211685
10,train,,1,0.5204071
10,train,,1,0.5330096
10,train,,1,0.5120624
10,train,,1,0.5121357
10,train,,1,0.5120756
10,train,,1,0.5120659
10,train,,1,0.5136027
10,train,,1,0.5130838
10,train,,1,0.52969843
10,train,,1,0.5138736
10,train,,1,0.5135236
10,train,,1,0.51212287
10,train,,1,0.5166102
10,val,,0,0.51206803
10,val,,0,0.51506466
10,val,,0,0.51207036
10,val,,0,0.5136027
10,val,,0,0.51206815
10,val,,0,0.5120682
10,val,,0,0.5121091
10,val,,0,0.51244414
10,val,,0,0.51219285
10,val,,0,0.5129811
10,val,,1,0.51222813
10,val,,1,0.51233536
10,val,,1,0.5122402
10,val,,1,0.51213765
10,val,,1,0.5120874
10,val,,1,0.5204515
10,val,,1,0.52064157
10,val,,1,0.5124239
10,val,,1,0.5341814
10,val,,1,0.5123872
10,test,,0,0.51206803
10,test,,0,0.51206726
10,test,,0,0.51212245
10,test,,0,0.5127386
10,test,,0,0.5122052
10,test,,0,0.5125775
10,test,,0,0.5120608
10,test,,0,0.5120608
10,test,,0,0.51221436
10,test,,0,0.52353275
10,test,,1,0.51386666
10,test,,1,0.51208925
10,test,,1,0.5121123
10,test,,1,0.5136906
10,test,,1,0.51240456
10,test,,1,0.5134868
10,test,,1,0.5123914
10,test,,1,0.5120738
10,test,,1,0.5306473
10,test,,1,0.5121012
11,train,,0,0.50339
11,train,,0,0.5025241
11,train,,0,0.50370115
11,train,,0,0.5025104
11,train,,0,0.5021582
11,train,,0,0.5137212
11,train,,0,0.5037858
11,train,,0,0.5051898
11,train,,0,0.52139723
11,train,,0,0.50198066
11,train,,0,0.5313037
11,train,,0,0.50499016
11,train,,0,0.5255325
11,train,,0,0.5104433
11,train,,0,0.50171804
11,train,,0,0.5038269
11,train,,0,0.52166945
11,train,,0,0.50257444
11,train,,0,0.5048303
11,train,,0,0.5403939
11,train,,0,0.50907534
11,train,,0,0.51089215
11,train,,0,0.5030619
11,train,,0,0.52785575
11,train,,0,0.509859
11,train,,0,0.5029766
11,train,,0,0.5010409
11,train,,0,0.5033753
11,train,,0,0.5012946
11,train,,0,0.5049738
11,train,,1,0.5270855
11,train,,1,0.54380304
11,train,,1,0.5045987
11,train,,1,0.52945393
11,train,,1,0.5315823
11,train,,1,0.50271624
11,train,,1,0.513311
11,train,,1,0.50280565
11,train,,1,0.5364466
11,train,,1,0.53303534
11,train,,1,0.51366544
11,train,,1,0.5346922
11,train,,1,0.5023401
11,train,,1,0.53299564
11,train,,1,0.54656273
11,train,,1,0.5058519
11,train,,1,0.50191444
11,train,,1,0.5234109
11,train,,1,0.50200087
11,train,,1,0.5073957
11,train,,1,0.5368146
11,train,,1,0.5053609
11,train,,1,0.5461138
11,train,,1,0.5069382
11,train,,1,0.50271666
11,train,,1,0.50581944
11,train,,1,0.51679903
11,train,,1,0.5014683
11,train,,1,0.54584855
11,train,,1,0.50104123
11,val,,0,0.50304806
11,val,,0,0.5022667
11,val,,0,0.50601214
11,val,,0,0.5014682
11,val,,0,0.5071422
11,val,,0,0.5091251
11,val,,0,0.52416044
11,val,,0,0.51094526
11,val,,0,0.50454
11,val,,0,0.50168943
11,val,,1,0.53781873
11,val,,1,0.53896576
11,val,,1,0.5413363
11,val,,1,0.5367174
11,val,,1,0.5439268
11,val,,1,0.5020448
11,val,,1,0.5041324
11,val,,1,0.54577065
11,val,,1,0.5031365
11,val,,1,0.5391514
11,test,,0,0.50599295
11,test,,0,0.5013711
11,test,,0,0.5016254
11,test,,0,0.5073126
11,test,,0,0.5043262
11,test,,0,0.53532165
11,test,,0,0.5393734
11,test,,0,0.5088427
11,test,,0,0.50105816
11,test,,0,0.5012051
11,test,,1,0.507056
11,test,,1,0.5446486
11,test,,1,0.5385613
11,test,,1,0.54664516
11,test,,1,0.5457065
11,test,,1,0.518204
11,test,,1,0.54107183
11,test,,1,0.5345948
11,test,,1,0.5026259
11,test,,1,0.54455596
12,train,,0,0.4988732
12,train,,0,0.4988732
12,train,,0,0.4988732
12,train,,0,0.4988732
12,train,,0,0.4988732
12,train,,0,0.4988732
12,train,,0,0.4988732
12,train,,0,0.4988732
12,train,,0,0.4988732
12,train,,0,0.4988732
12,train,,0,0.4988732
12,train,,0,0.4988732
12,train,,0,0.4988732
12,train,,0,0.4988732
12,train,,0,0.4988732
12,train,,0,0.4988732
12,train,,0,0.4988732
12,train,,0,0.4988732
12,train,,0,0.4988732
12,train,,0,0.4988732
12,train,,0,0.4988732
12,train,,0,0.4988732
12,train,,0,0.4988732
12,train,,0,0.4988732
12,train,,0,0.4988732
12,train,,0,0.4988732
12,train,,0,0.4988732
12,train,,0,0.4988732
12,train,,0,0.4988732
12,train,,0,0.4988732
12,train,,1,0.4988732
12,train,,1,0.4988732
12,train,,1,0.4988732
12,train,,1,0.4988732
12,train,,1,0.4988732
12,train,,1,0.4988732
12,train,,1,0.4988732
12,train,,1,0.4988732
12,train,,1,0.4988732
12,train,,1,0.4988732
12,train,,1,0.4988732
12,train,,1,0.4988732
12,train,,1,0.4988732
12,train,,1,0.4988732
12,train,,1,0.4988732
12,train,,1,0.4988732
12,train,,1,0.4988732
12,train,,1,0.4988732
12,train,,1,0.4988732
12,train,,1,0.4988732
12,train,,1,0.4988732
12,train,,1,0.4988732
12,train,,1,0.4988732
12,train,,1,0.4988732
12,train,,1,0.4988732
12,train,,1,0.4988732
12,train,,1,0.4988732
12,train,,1,0.4988732
12,train,,1,0.4988732
12,train,,1,0.4988732
12,val,,0,0.4988732
12,val,,0,0.4988732
12,val,,0,0.4988732
12,val,,0,0.4988732
12,val,,0,0.4988732
12,val,,0,0.4988732
12,val,,0,0.4988732
12,val,,0,0.4988732
12,val,,0,0.4988732
12,val,,0,0.4988732
12,val,,1,0.4988732
12,val,,1,0.4988732
12,val,,1,0.4988732
12,val,,1,0.4988732
12,val,,1,0.4988732
12,val,,1,0.4988732
12,val,,1,0.4988732
12,val,,1,0.4988732
12,val,,1,0.4988732
12,val,,1,0.4988732
12,test,,0,0.4988732
12,test,,0,0.4988732
12,test,,0,0.4988732
12,test,,0,0.4988732
12,test,,0,0.4988732
12,test,,0,0.4988732
12,test,,0,0.4988732
12,test,,0,0.4988732
12,test,,0,0.4988732
12,test,,0,0.4988732
12,test,,1,0.4988732
12,test,,1,0.4988732
12,test,,1,0.4988732
12,test,,1,0.4988732
12,test,,1,0.4988732
12,test,,1,0.4988732
12,test,,1,0.4988732
12,test,,1,0.4988732
12,test,,1,0.4988732
12,test,,1,0.4988732
13,train,,0,0.49907914
13,train,,0,0.49907914
13,train,,0,0.49907914
13,train,,0,0.49907914
13,train,,0,0.49907914
13,train,,0,0.49907914
13,train,,0,0.49907914
13,train,,0,0.49907914
13,train,,0,0.49907914
13,train,,0,0.49907914
13,train,,0,0.49907914
13,train,,0,0.49907914
13,train,,0,0.49907914
13,train,,0,0.49907914
13,train,,0,0.49907914
13,train,,0,0.49907914
13,train,,0,0.49907914
13,train,,0,0.49907914
13,train,,0,0.49907914
13,train,,0,0.49907914
13,train,,0,0.49907914
13,train,,0,0.49907914
13,train,,0,0.49907914
13,train,,0,0.49907914
13,train,,0,0.49907914
13,train,,0,0.49907914
13,train,,0,0.49907914
13,train,,0,0.49907914
13,train,,0,0.49907914
13,train,,0,0.49907914
13,train,,1,0.49907914
13,train,,1,0.49907914
13,train,,1,0.49907914
13,train,,1,0.49907914
13,train,,1,0.49907914
13,train,,1,0.49907914
13,train,,1,0.49907914
13,train,,1,0.49907914
13,train,,1,0.49907914
13,train,,1,0.49907914
13,train,,1,0.49907914
13,train,,1,0.49907914
13,train,,1,0.49907914
13,train,,1,0.49907914
13,train,,1,0.49907914
13,train,,1,0.49907914
13,train,,1,0.49907914
13,train,,1,0.49907914
13,train,,1,0.49907914
13,train,,1,0.49907914
13,train,,1,0.49907914
13,train,,1,0.49907914
13,train,,1,0.49907914
13,train,,1,0.49907914
13,train,,1,0.49907914
13,train,,1,0.49907914
13,train,,1,0.49907914
13,train,,1,0.49907914
13,train,,1,0.49907914
13,train,,1,0.49907914
13,val,,0,0.49907914
13,val,,0,0.49907914
13,val,,0,0.49907914
13,val,,0,0.49907914
13,val,,0,0.49907914
13,val,,0,0.49907914
13,val,,0,0.49907914
13,val,,0,0.49907914
13,val,,0,0.49907914
13,val,,0,0.49907914
13,val,,1,0.49907914
13,val,,1,0.49907914
13,val,,1,0.49907914
13,val,,1,0.49907914
13,val,,1,0.49907914
13,val,,1,0.49907914
13,val,,1,0.49907914
13,val,,1,0.49907914
13,val,,1,0.49907914
13,val,,1,0.49907914
13,test,,0,0.49907914
13,test,,0,0.49907914
13,test,,0,0.49907914
13,test,,0,0.49907914
13,test,,0,0.49907914
13,test,,0,0.49907914
13,test,,0,0.49907914
13,test,,0,0.49907914
13,test,,0,0.49907914
13,test,,0,0.49907914
13,test,,1,0.49907914
13,test,,1,0.49907914
13,test,,1,0.49907914
13,test,,1,0.49907914
13,test,,1,0.49907914
13,test,,1,0.49907914
13,test,,1,0.49907914
13,test,,1,0.49907914
13,test,,1,0.49907914
13,test,,1,0.49907914
14,train,,0,0.5017645
14,train,,0,0.50173587
14,train,,0,0.5017849
14,train,,0,0.50172246
14,train,,0,0.50173366
14,train,,0,0.50176996
14,train,,0,0.5017636
14,train,,0,0.50181973
14,train,,0,0.5017584
14,train,,0,0.501721
14,train,,0,0.50180745
14,train,,0,0.50175947
14,train,,0,0.50181437
14,train,,0,0.5017612
14,train,,0,0.5017375
14,train,,0,0.5016823
14,train,,0,0.5018236
14,train,,0,0.50175804
14,train,,0,0.5017375
14,train,,0,0.5017933
14,train,,0,0.5017285
14,train,,0,0.501744
14,train,,0,0.50175714
14,train,,0,0.50184846
14,train,,0,0.50176746
14,train,,0,0.5018538
14,train,,0,0.5016733
14,train,,0,0.50171965
14,train,,0,0.501678
14,train,,0,0.5017069
14,train,,1,0.5019145
14,train,,1,0.5017598
14,train,,1,0.50183356
14,train,,1,0.5018513
14,train,,1,0.5018347
14,train,,1,0.5016861
14,train,,1,0.5018228
14,train,,1,0.50176096
14,train,,1,0.5018002
14,train,,1,0.5017518
14,train,,1,0.5017812
14,train,,1,0.5017326
14,train,,1,0.5017638
14,train,,1,0.5018126
14,train,,1,0.50174886
14,train,,1,0.5017779
14,train,,1,0.50172514
14,train,,1,0.5017676
14,train,,1,0.5017666
14,train,,1,0.501709
14,train,,1,0.50174814
14,train,,1,0.50180346
14,train,,1,0.5017918
14,train,,1,0.5017764
14,train,,1,0.50177294
14,train,,1,0.50182354
14,train,,1,0.50166863
14,train,,1,0.5017458
14,train,,1,0.5017996
14,train,,1,0.5016039
14,val,,0,0.50176156
14,val,,0,0.50171524
14,val,,0,0.50175923
14,val,,0,0.50174993
14,val,,0,0.5017465
14,val,,0,0.50168914
14,val,,0,0.5017306
14,val,,0,0.5017746
14,val,,0,0.50178254
14,val,,0,0.5017664
14,val,,1,0.50179195
14,val,,1,0.5018279
14,val,,1,0.50179905
14,val,,1,0.5017659
14,val,,1,0.5018022
14,val,,1,0.50181097
14,val,,1,0.50172335
14,val,,1,0.50182605
14,val,,1,0.50186205
14,val,,1,0.50180256
14,test,,0,0.5017263
14,test,,0,0.50167257
14,test,,0,0.50172544
14,test,,0,0.50181603
14,test,,0,0.50171804
14,test,,0,0.5017595
14,test,,0,0.5017434
14,test,,0,0.5017382
14,test,,0,0.5016572
14,test,,0,0.50175637
14,test,,1,0.50183564
14,test,,1,0.5017627
14,test,,1,0.50177884
14,test,,1,0.501801
14,test,,1,0.50180995
14,test,,1,0.5017361
14,test,,1,0.50179994
14,test,,1,0.50179255
14,test,,1,0.501725
14,test,,1,0.50180155
15,train,,0,0.5012489
15,train,,0,0.5012489
15,train,,0,0.5012489
15,train,,0,0.5012489
15,train,,0,0.5012489
15,train,,0,0.5012489
15,train,,0,0.5012489
15,train,,0,0.5012489
15,train,,0,0.5012489
15,train,,0,0.5012489
15,train,,0,0.5012489
15,train,,0,0.5012489
15,train,,0,0.5012489
15,train,,0,0.5012489
15,train,,0,0.5012489
15,train,,0,0.5012489
15,train,,0,0.5012489
15,train,,0,0.5012489
15,train,,0,0.5012489
15,train,,0,0.5012489
15,train,,0,0.5012489
15,train,,0,0.5012489
15,train,,0,0.5012489
15,train,,0,0.5012489
15,train,,0,0.5012489
15,train,,0,0.5012489
15,train,,0,0.5012489
15,train,,0,0.5012489
15,train,,0,0.5012489
15,train,,0,0.5012489
15,train,,1,0.5012489
15,train,,1,0.5012489
15,train,,1,0.5012489
15,train,,1,0.5012489
15,train,,1,0.5012489
15,train,,1,0.5012489
15,train,,1,0.5012489
15,train,,1,0.5012489
15,train,,1,0.5012489
15,train,,1,0.5012489
15,train,,1,0.5012489
15,train,,1,0.5012489
15,train,,1,0.5012489
15,train,,1,0.5012489
15,train,,1,0.5012489
15,train,,1,0.5012489
15,train,,1,0.5012489
15,train,,1,0.5012489
15,train,,1,0.5012489
15,train,,1,0.5012489
15,train,,1,0.5012489
15,train,,1,0.5012489
15,train,,1,0.5012489
15,train,,1,0.5012489
15,train,,1,0.5012489
15,train,,1,0.5012489
15,train,,1,0.5012489
15,train,,1,0.5012489
15,train,,1,0.5012489
15,train,,1,0.5012489
15,val,,0,0.5012489
15,val,,0,0.5012489
15,val,,0,0.5012489
15,val,,0,0.5012489
15,val,,0,0.5012489
15,val,,0,0.5012489
15,val,,0,0.5012489
15,val,,0,0.5012489
15,val,,0,0.5012489
15,val,,0,0.5012489
15,val,,1,0.5012489
15,val,,1,0.5012489
15,val,,1,0.5012489
15,val,,1,0.5012489
15,val,,1,0.5012489
15,val,,1,0.5012489
15,val,,1,0.5012489
15,val,,1,0.5012489
15,val,,1,0.5012489
15,val,,1,0.5012489
15,test,,0,0.5012489
15,test,,0,0.5012489
15,test,,0,0.5012489
15,test,,0,0.5012489
15,test,,0,0.5012489
15,test,,0,0.5012489
15,test,,0,0.5012489
15,test,,0,0.5012489
15,test,,0,0.5012489
15,test,,0,0.5012489
15,test,,1,0.5012489
15,test,,1,0.5012489
15,test,,1,0.5012489
15,test,,1,0.5012489
15,test,,1,0.5012489
15,test,,1,0.5012489
15,test,,1,0.5012489
15,test,,1,0.5012489
15,test,,1,0.5012489
15,test,,1,0.5012489
16,train,,0,0.4963012
16,train,,0,0.4963012
16,train,,0,0.4963012
16,train,,0,0.4963012
16,train,,0,0.4963012
16,train,,0,0.4963012
16,train,,0,0.4963012
16,train,,0,0.4963012
16,train,,0,0.4963012
16,train,,0,0.4963012
16,train,,0,0.4963012
16,train,,0,0.4963012
16,train,,0,0.4963012
16,train,,0,0.4963012
16,train,,0,0.4963012
16,train,,0,0.4963012
16,train,,0,0.4963012
16,train,,0,0.4963012
16,train,,0,0.4963012
16,train,,0,0.4963012
16,train,,0,0.4963012
16,train,,0,0.4963012
16,train,,0,0.4963012
16,train,,0,0.4963012
16,train,,0,0.4963012
16,train,,0,0.4963012
16,train,,0,0.4963012
16,train,,0,0.4963012
16,train,,0,0.4963012
16,train,,0,0.4963012
16,train,,1,0.4963012
16,train,,1,0.4963012
16,train,,1,0.4963012
16,train,,1,0.4963012
16,train,,1,0.4963012
16,train,,1,0.4963012
16,train,,1,0.4963012
16,train,,1,0.4963012
16,train,,1,0.4963012
16,train,,1,0.4963012
16,train,,1,0.4963012
16,train,,1,0.4963012
16,train,,1,0.4963012
16,train,,1,0.4963012
16,train,,1,0.4963012
16,train,,1,0.4963012
16,train,,1,0.4963012
16,train,,1,0.4963012
16,train,,1,0.4963012
16,train,,1,0.4963012
16,train,,1,0.4963012
16,train,,1,0.4963012
16,train,,1,0.4963012
16,train,,1,0.4963012
16,train,,1,0.4963012
16,train,,1,0.4963012
16,train,,1,0.4963012
16,train,,1,0.4963012
16,train,,1,0.4963012
16,train,,1,0.4963012
16,val,,0,0.4963012
16,val,,0,0.4963012
16,val,,0,0.4963012
16,val,,0,0.4963012
16,val,,0,0.4963012
16,val,,0,0.4963012
16,val,,0,0.4963012
16,val,,0,0.4963012
16,val,,0,0.4963012
16,val,,0,0.4963012
16,val,,1,0.4963012
16,val,,1,0.4963012
16,val,,1,0.4963012
16,val,,1,0.4963012
16,val,,1,0.4963012
16,val,,1,0.4963012
16,val,,1,0.4963012
16,val,,1,0.4963012
16,val,,1,0.4963012
16,val,,1,0.4963012
16,test,,0,0.4963012
16,test,,0,0.4963012
16,test,,0,0.4963012
16,test,,0,0.4963012
16,test,,0,0.4963012
16,test,,0,0.4963012
16,test,,0,0.4963012
16,test,,0,0.4963012
16,test,,0,0.4963012
16,test,,0,0.4963012
16,test,,1,0.4963012
16,test,,1,0.4963012
16,test,,1,0.4963012
16,test,,1,0.4963012
16,test,,1,0.4963012
16,test,,1,0.4963012
16,test,,1,0.4963012
16,test,,1,0.4963012
16,test,,1,0.4963012
16,test,,1,0.4963012
17,train,,0,0.49964797
17,train,,0,0.49964797
17,train,,0,0.49964797
17,train,,0,0.49964797
17,train,,0,0.49964797
17,train,,0,0.49964797
17,train,,0,0.49964797
17,train,,0,0.49964797
17,train,,0,0.49964797
17,train,,0,0.49964797
17,train,,0,0.49964797
17,train,,0,0.49964797
17,train,,0,0.49964797
17,train,,0,0.49964797
17,train,,0,0.49964797
17,train,,0,0.49964797
17,train,,0,0.49964797
17,train,,0,0.49964797
17,train,,0,0.49964797
17,train,,0,0.49964797
17,train,,0,0.49964797
17,train,,0,0.49964797
17,train,,0,0.49964797
17,train,,0,0.49964797
17,train,,0,0.49964797
17,train,,0,0.49964797
17,train,,0,0.49964797
17,train,,0,0.49964797
17,train,,0,0.49964797
17,train,,0,0.49964797
17,train,,1,0.49964797
17,train,,1,0.49964797
17,train,,1,0.49964797
17,train,,1,0.49964797
17,train,,1,0.49964797
17,train,,1,0.49964797
17,train,,1,0.49964797
17,train,,1,0.49964797
17,train,,1,0.49964797
17,train,,1,0.49964797
17,train,,1,0.49964797
17,train,,1,0.49964797
17,train,,1,0.49964797
17,train,,1,0.49964797
17,train,,1,0.49964797
17,train,,1,0.49964797
17,train,,1,0.49964797
17,train,,1,0.49964797
17,train,,1,0.49964797
17,train,,1,0.49964797
17,train,,1,0.49964797
17,train,,1,0.49964797
17,train,,1,0.49964797
17,train,,1,0.49964797
17,train,,1,0.49964797
17,train,,1,0.49964797
17,train,,1,0.49964797
17,train,,1,0.49964797
17,train,,1,0.49964797
17,train,,1,0.49964797
17,val,,0,0.49964797
17,val,,0,0.49964797
17,val,,0,0.49964797
17,val,,0,0.49964797
17,val,,0,0.49964797
17,val,,0,0.49964797
17,val,,0,0.49964797
17,val,,0,0.49964797
17,val,,0,0.49964797
17,val,,0,0.49964797
17,val,,1,0.49964797
17,val,,1,0.49964797
17,val,,1,0.49964797
17,val,,1,0.49964797
17,val,,1,0.49964797
17,val,,1,0.49964797
17,val,,1,0.49964797
17,val,,1,0.49964797
17,val,,1,0.49964797
17,val,,1,0.49964797
17,test,,0,0.49964797
17,test,,0,0.49964797
17,test,,0,0.49964797
17,test,,0,0.49964797
17,test,,0,0.49964797
17,test,,0,0.49964797
17,test,,0,0.49964797
17,test,,0,0.49964797
17,test,,0,0.49964797
17,test,,0,0.49964797
17,test,,1,0.49964797
17,test,,1,0.49964797
17,test,,1,0.49964797
17,test,,1,0.49964797
17,test,,1,0.49964797
17,test,,1,0.49964797
17,test,,1,0.49964797
17,test,,1,0.49964797
17,test,,1,0.49964797
17,test,,1,0.49964797
18,train,,0,0.23580346
18,train,,0,0.43830267
18,train,,0,0.0055888095
18,train,,0,0.3861622
18,train,,0,0.0055990135
18,train,,0,0.18083084
18,train,,0,0.43352437
18,train,,0,0.43387175
18,train,,0,0.24101068
18,train,,0,0.4572563
18,train,,0,0.3687192
18,train,,0,0.84055763
18,train,,0,0.118274905
18,train,,0,0.3936155
18,train,,0,0.21723199
18,train,,0,0.43819642
18,train,,0,0.44156426
18,train,,0,0.24659716
18,train,,0,0.8687005
18,train,,0,0.0055888095
18,train,,0,0.41975883
18,train,,0,0.89583397
18,train,,0,0.30623
18,train,,0,0.89237237
18,train,,0,0.40640444
18,train,,0,0.22836763
18,train,,0,0.2716433
18,train,,0,0.3658453
18,train,,0,0.1905562
18,train,,0,0.43828022
18,train,,1,0.9512512
18,train,,1,0.49777183
18,train,,1,0.948444
18,train,,1,0.9526437
18,train,,1,0.94900334
18,train,,1,0.9425232
18,train,,1,0.8249872
18,train,,1,0.9459293
18,train,,1,0.76208675
18,train,,1,0.7922579
18,train,,1,0.22768492
18,train,,1,0.9502321
18,train,,1,0.4723827
18,train,,1,0.7998981
18,train,,1,0.94770133
18,train,,1,0.932266
18,train,,1,0.3398929
18,train,,1,0.947628
18,train,,1,0.9177765
18,train,,1,0.8536181
18,train,,1,0.94970334
18,train,,1,0.19441085
18,train,,1,0.94870114
18,train,,1,0.101093106
18,train,,1,0.6602207
18,train,,1,0.95111036
18,train,,1,0.9438776
18,train,,1,0.89092684
18,train,,1,0.94686455
18,train,,1,0.4386823
18,val,,0,0.28685763
18,val,,0,0.03635978
18,val,,0,0.39289245
18,val,,0,0.43969533
18,val,,0,0.4367854
18,val,,0,0.047528557
18,val,,0,0.94928074
18,val,,0,0.007736098
18,val,,0,0.34979105
18,val,,0,0.22806105
18,val,,1,0.9522198
18,val,,1,0.94945514
18,val,,1,0.43440711
18,val,,1,0.4442187
18,val,,1,0.92171973
18,val,,1,0.8009662
18,val,,1,0.93437564
18,val,,1,0.94206667
18,val,,1,0.9511878
18,val,,1,0.31318733
18,test,,0,0.31648806
18,test,,0,0.055945296
18,test,,0,0.14449474
18,test,,0,0.29718673
18,test,,0,0.30165884
18,test,,0,0.46557328
18,test,,0,0.40393388
18,test,,0,0.2581566
18,test,,0,0.007327296
18,test,,0,0.21560864
18,test,,1,0.9451567
18,test,,1,0.9316967
18,test,,1,0.94852287
18,test,,1,0.9522198
18,test,,1,0.4765327
18,test,,1,0.77126503
18,test,,1,0.427342
18,test,,1,0.71729165
18,test,,1,0.9499733
18,test,,1,0.57218045
19,train,,0,0.5020419
19,train,,0,0.50203866
19,train,,0,0.5020494
19,train,,0,0.50203735
19,train,,0,0.5020355
19,train,,0,0.50203294
19,train,,0,0.50203586
19,train,,0,0.50203866
19,train,,0,0.5020401
19,train,,0,0.50206804
19,train,,0,0.5020408
19,train,,0,0.50204146
19,train,,0,0.50205576
19,train,,0,0.502027
19,train,,0,0.5020438
19,train,,0,0.50204873
19,train,,0,0.5020351
19,train,,0,0.502049
19,train,,0,0.50206196
19,train,,0,0.5020456
19,train,,0,0.502041
19,train,,0,0.5020411
19,train,,0,0.50204945
19,train,,0,0.50204617
19,train,,0,0.502037
19,train,,0,0.5020432
19,train,,0,0.5020444
19,train,,0,0.5020505
19,train,,0,0.5020377
19,train,,0,0.50203633
19,train,,1,0.50205183
19,train,,1,0.50203884
19,train,,1,0.5020356
19,train,,1,0.50204307
19,train,,1,0.50205296
19,train,,1,0.50204456
19,train,,1,0.5020426
19,train,,1,0.5020574
19,train,,1,0.5020485
19,train,,1,0.5020515
19,train,,1,0.50205636
19,train,,1,0.50204635
19,train,,1,0.5020579
19,train,,1,0.5020282
19,train,,1,0.5020601
19,train,,1,0.5020544
19,train,,1,0.5020393
19,train,,1,0.50205946
19,train,,1,0.50203985
19,train,,1,0.5020487
19,train,,1,0.5020369
19,train,,1,0.5020375
19,train,,1,0.50203776
19,train,,1,0.5020462
19,train,,1,0.50205797
19,train,,1,0.50205797
19,train,,1,0.50205
19,train,,1,0.5020502
19,train,,1,0.50203675
19,train,,1,0.50205684
19,val,,0,0.5020366
19,val,,0,0.5020563
19,val,,0,0.5020372
19,val,,0,0.5020503
19,val,,0,0.50203335
19,val,,0,0.50204396
19,val,,0,0.50204796
19,val,,0,0.5020428
19,val,,0,0.50204647
19,val,,0,0.502051
19,val,,1,0.5020449
19,val,,1,0.50204355
19,val,,1,0.50203854
19,val,,1,0.50204337
19,val,,1,0.5020327
19,val,,1,0.5020541
19,val,,1,0.50205284
19,val,,1,0.5020363
19,val,,1,0.5020486
19,val,,1,0.50203776
19,test,,0,0.50203097
19,test,,0,0.50203794
19,test,,0,0.50204664
19,test,,0,0.502038
19,test,,0,0.50205684
19,test,,0,0.50204825
19,test,,0,0.5020287
19,test,,0,0.502031
19,test,,0,0.5020391
19,test,,0,0.5020599
19,test,,1,0.5020533
19,test,,1,0.5020455
19,test,,1,0.502043
19,test,,1,0.50205284
19,test,,1,0.5020505
19,test,,1,0.5020584
19,test,,1,0.5020453
19,test,,1,0.5020373
19,test,,1,0.50205135
19,test,,1,0.50204176
20,train,,0,0.5015834
20,train,,0,0.50159234
20,train,,0,0.50158274
20,train,,0,0.5015864
20,train,,0,0.5015855
20,train,,0,0.5015943
20,train,,0,0.50158906
20,train,,0,0.5015834
20,train,,0,0.5015843
20,train,,0,0.50157785
20,train,,0,0.50159
20,train,,0,0.50159186
20,train,,0,0.5015813
20,train,,0,0.50158894
20,train,,0,0.5015806
20,train,,0,0.50159
20,train,,0,0.5015796
20,train,,0,0.50157905
20,train,,0,0.50158143
20,train,,0,0.50159174
20,train,,0,0.5015886
20,train,,0,0.5015918
20,train,,0,0.5015803
20,train,,0,0.5015839
20,train,,0,0.5015862
20,train,,0,0.5015728
20,train,,0,0.5015867
20,train,,0,0.50158703
20,train,,0,0.5015852
20,train,,0,0.5015908
20,train,,1,0.50158054
20,train,,1,0.5016042
20,train,,1,0.5015937
20,train,,1,0.5015806
20,train,,1,0.5015856
20,train,,1,0.5015858
20,train,,1,0.50158095
20,train,,1,0.5015814
20,train,,1,0.5015877
20,train,,1,0.50158453
20,train,,1,0.50158584
20,train,,1,0.5015848
20,train,,1,0.5015874
20,train,,1,0.5015896
20,train,,1,0.5015828
20,train,,1,0.501586
20,train,,1,0.50158083
20,train,,1,0.50158197
20,train,,1,0.50158954
20,train,,1,0.5015897
20,train,,1,0.5015961
20,train,,1,0.5015828
20,train,,1,0.50158966
20,train,,1,0.50158936
20,train,,1,0.50158846
20,train,,1,0.5015804
20,train,,1,0.5015856
20,train,,1,0.5015786
20,train,,1,0.50159806
20,train,,1,0.5015845
20,val,,0,0.5015941
20,val,,0,0.50157946
20,val,,0,0.50158817
20,val,,0,0.5015815
20,val,,0,0.50159675
20,val,,0,0.50159055
20,val,,0,0.5015955
20,val,,0,0.5015907
20,val,,0,0.5015844
20,val,,0,0.5015807
20,val,,1,0.50158644
20,val,,1,0.50159615
20,val,,1,0.50158596
20,val,,1,0.50159377
20,val,,1,0.5015957
20,val,,1,0.50158566
20,val,,1,0.5015766
20,val,,1,0.50158983
20,val,,1,0.50158566
20,val,,1,0.5015811
20,test,,0,0.5015925
20,test,,0,0.5015886
20,test,,0,0.50158596
20,test,,0,0.50158817
20,test,,0,0.50158995
20,test,,0,0.5015896
20,test,,0,0.5015994
20,test,,0,0.50159353
20,test,,0,0.5015888
20,test,,0,0.5015768
20,test,,1,0.50157905
20,test,,1,0.50159144
20,test,,1,0.50158244
20,test,,1,0.5015922
20,test,,1,0.50159186
20,test,,1,0.50158775
20,test,,1,0.501587
20,test,,1,0.50159717
20,test,,1,0.50157684
20,test,,1,0.5015899
21,train,,0,0.49865952
21,train,,0,0.49869248
21,train,,0,0.49867883
21,train,,0,0.49862823
21,train,,0,0.49868342
21,train,,0,0.49869716
21,train,,0,0.49864563
21,train,,0,0.49866283
21,train,,0,0.49870458
21,train,,0,0.4987237
21,train,,0,0.49869716
21,train,,0,0.49867684
21,train,,0,0.49868003
21,train,,0,0.4986613
21,train,,0,0.4986509
21,train,,0,0.49866882
21,train,,0,0.49867907
21,train,,0,0.498662
21,train,,0,0.4986681
21,train,,0,0.49869308
21,train,,0,0.49867103
21,train,,0,0.49869782
21,train,,0,0.4986606
21,train,,0,0.49868643
21,train,,0,0.4987123
21,train,,0,0.49869972
21,train,,0,0.49866414
21,train,,0,0.49866688
21,train,,0,0.4986728
21,train,,0,0.49863473
21,train,,1,0.49868643
21,train,,1,0.49866354
21,train,,1,0.49867162
21,train,,1,0.49866828
21,train,,1,0.4986798
21,train,,1,0.49871758
21,train,,1,0.49870577
21,train,,1,0.49864483
21,train,,1,0.49871856
21,train,,1,0.49872166
21,train,,1,0.49869794
21,train,,1,0.49868584
21,train,,1,0.49865192
21,train,,1,0.49865383
21,train,,1,0.49868026
21,train,,1,0.49867126
21,train,,1,0.49864945
21,train,,1,0.49867955
21,train,,1,0.4986914
21,train,,1,0.49867955
21,train,,1,0.49870712
21,train,,1,0.49866983
21,train,,1,0.4986249
21,train,,1,0.49870214
21,train,,1,0.49863034
21,train,,1,0.4986696
21,train,,1,0.49869984
21,train,,1,0.49866384
21,train,,1,0.49869087
21,train,,1,0.49869597
21,val,,0,0.4986715
21,val,,0,0.49864802
21,val,,0,0.4986798
21,val,,0,0.49865857
21,val,,0,0.49872023
21,val,,0,0.49867827
21,val,,0,0.49867636
21,val,,0,0.49870056
21,val,,0,0.49868014
21,val,,0,0.49868003
21,val,,1,0.49870297
21,val,,1,0.49870494
21,val,,1,0.49866948
21,val,,1,0.49869794
21,val,,1,0.49867743
21,val,,1,0.49867967
21,val,,1,0.49871346
21,val,,1,0.4986914
21,val,,1,0.4986539
21,val,,1,0.49874622
21,test,,0,0.49866775
21,test,,0,0.49869698
21,test,,0,0.49866793
21,test,,0,0.4986582
21,test,,0,0.49866143
21,test,,0,0.49867973
21,test,,0,0.49865615
21,test,,0,0.4986365
21,test,,0,0.49871358
21,test,,0,0.49862158
21,test,,1,0.49866468
21,test,,1,0.49866804
21,test,,1,0.4987251
21,test,,1,0.49869266
21,test,,1,0.49867103
21,test,,1,0.49871182
21,test,,1,0.4986775
21,test,,1,0.49869722
21,test,,1,0.4987095
21,test,,1,0.49871135
22,train,,0,0.51372284
22,train,,0,0.516775
22,train,,0,0.51170194
22,train,,0,0.5192273
22,train,,0,0.5055698
22,train,,0,0.53030497
22,train,,0,0.50946623
22,train,,0,0.50406975
22,train,,0,0.5107558
22,train,,0,0.47517014
22,train,,0,0.51156723
22,train,,0,0.5232438
22,train,,0,0.4802925
22,train,,0,0.5260436
22,train,,0,0.48003292
22,train,,0,0.49650088
22,train,,0,0.53880054
22,train,,0,0.48188546
22,train,,0,0.46554413
22,train,,0,0.5043777
22,train,,0,0.5175065
22,train,,0,0.50552636
22,train,,0,0.48984846
22,train,,0,0.5141826
22,train,,0,0.5115065
22,train,,0,0.5124817
22,train,,0,0.50533146
22,train,,0,0.4947646
22,train,,0,0.5144984
22,train,,0,0.529151
22,train,,1,0.4814435
22,train,,1,0.52712804
22,train,,1,0.5272542
22,train,,1,0.5350708
22,train,,1,0.49628028
22,train,,1,0.4769935
22,train,,1,0.5045196
22,train,,1,0.4681354
22,train,,1,0.5137202
22,train,,1,0.48518005
22,train,,1,0.4724498
22,train,,1,0.49605995
22,train,,1,0.48455873
22,train,,1,0.5338859
22,train,,1,0.48241192
22,train,,1,0.49345902
22,train,,1,0.5046105
22,train,,1,0.5009477
22,train,,1,0.5048814
22,train,,1,0.5081237
22,train,,1,0.5179069
22,train,,1,0.5112935
22,train,,1,0.5314999
22,train,,1,0.5109658
22,train,,1,0.46618813
22,train,,1,0.46171907
22,train,,1,0.48503986
22,train,,1,0.48620337
22,train,,1,0.5277878
22,train,,1,0.4605857
22,val,,0,0.50421757
22,val,,0,0.48106945
22,val,,0,0.5264106
22,val,,0,0.4953502
22,val,,0,0.5184735
22,val,,0,0.50370604
22,val,,0,0.50710034
22,val,,0,0.49960905
22,val,,0,0.50119275
22,val,,0,0.48583502
22,val,,1,0.51401806
22,val,,1,0.5165162
22,val,,1,0.5244348
22,val,,1,0.5000775
22,val,,1,0.52483237
22,val,,1,0.47951704
22,val,,1,0.4688052
22,val,,1,0.5384185
22,val,,1,0.51163065
22,val,,1,0.5287696
22,test,,0,0.53430724
22,test,,0,0.499457
22,test,,0,0.48417327
22,test,,0,0.5028585
22,test,,0,0.48126462
22,test,,0,0.49556422
22,test,,0,0.54201514
22,test,,0,0.53412694
22,test,,0,0.4949651
22,test,,0,0.4684611
22,test,,1,0.50032234
22,test,,1,0.5064472
22,test,,1,0.51419485
22,test,,1,0.49994493
22,test,,1,0.5171888
22,test,,1,0.48743364
22,test,,1,0.51873994
22,test,,1,0.52879167
22,test,,1,0.48513258
22,test,,1,0.5097881
23,train,,0,0.50051993
23,train,,0,0.50051993
23,train,,0,0.50051993
23,train,,0,0.50051993
23,train,,0,0.50051993
23,train,,0,0.50051993
23,train,,0,0.50051993
23,train,,0,0.50051993
23,train,,0,0.50051993
23,train,,0,0.50051993
23,train,,0,0.50051993
23,train,,0,0.50051993
23,train,,0,0.50051993
23,train,,0,0.50051993
23,train,,0,0.50051993
23,train,,0,0.50051993
23,train,,0,0.50051993
23,train,,0,0.50051993
23,train,,0,0.50051993
23,train,,0,0.50051993
23,train,,0,0.50051993
23,train,,0,0.50051993
23,train,,0,0.50051993
23,train,,0,0.50051993
23,train,,0,0.50051993
23,train,,0,0.50051993
23,train,,0,0.50051993
23,train,,0,0.50051993
23,train,,0,0.50051993
23,train,,0,0.50051993
23,train,,1,0.50051993
23,train,,1,0.50051993
23,train,,1,0.50051993
23,train,,1,0.50051993
23,train,,1,0.50051993
23,train,,1,0.50051993
23,train,,1,0.50051993
23,train,,1,0.50051993
23,train,,1,0.50051993
23,train,,1,0.50051993
23,train,,1,0.50051993
23,train,,1,0.50051993
23,train,,1,0.50051993
23,train,,1,0.50051993
23,train,,1,0.50051993
23,train,,1,0.50051993
23,train,,1,0.50051993
23,train,,1,0.50051993
23,train,,1,0.50051993
23,train,,1,0.50051993
23,train,,1,0.50051993
23,train,,1,0.50051993
23,train,,1,0.50051993
23,train,,1,0.50051993
23,train,,1,0.50051993
23,train,,1,0.50051993
23,train,,1,0.50051993
23,train,,1,0.50051993
23,train,,1,0.50051993
23,train,,1,0.50051993
23,val,,0,0.50051993
23,val,,0,0.50051993
23,val,,0,0.50051993
23,val,,0,0.50051993
23,val,,0,0.50051993
23,val,,0,0.50051993
23,val,,0,0.50051993
23,val,,0,0.50051993
23,val,,0,0.50051993
23,val,,0,0.50051993
23,val,,1,0.50051993
23,val,,1,0.50051993
23,val,,1,0.50051993
23,val,,1,0.50051993
23,val,,1,0.50051993
23,val,,1,0.50051993
23,val,,1,0.50051993
23,val,,1,0.50051993
23,val,,1,0.50051993
23,val,,1,0.50051993
23,test,,0,0.50051993
23,test,,0,0.50051993
23,test,,0,0.50051993
23,test,,0,0.50051993
23,test,,0,0.50051993
23,test,,0,0.50051993
23,test,,0,0.50051993
23,test,,0,0.50051993
23,test,,0,0.50051993
23,test,,0,0.50051993
23,test,,1,0.50051993
23,test,,1,0.50051993
23,test,,1,0.50051993
23,test,,1,0.50051993
23,test,,1,0.50051993
23,test,,1,0.50051993
23,test,,1,0.50051993
23,test,,1,0.50051993
23,test,,1,0.50051993
23,test,,1,0.50051993
24,train,,0,0.4988855
24,train,,0,0.4988855
24,train,,0,0.4988855
24,train,,0,0.4988855
24,train,,0,0.4988855
24,train,,0,0.4988855
24,train,,0,0.4988855
24,train,,0,0.4988855
24,train,,0,0.4988855
24,train,,0,0.4988855
24,train,,0,0.4988855
24,train,,0,0.4988855
24,train,,0,0.4988855
24,train,,0,0.4988855
24,train,,0,0.4988855
24,train,,0,0.4988855
24,train,,0,0.4988855
24,train,,0,0.4988855
24,train,,0,0.4988855
24,train,,0,0.4988855
24,train,,0,0.4988855
24,train,,0,0.4988855
24,train,,0,0.4988855
24,train,,0,0.4988855
24,train,,0,0.4988855
24,train,,0,0.4988855
24,train,,0,0.4988855
24,train,,0,0.4988855
24,train,,0,0.4988855
24,train,,0,0.4988855
24,train,,1,0.4988855
24,train,,1,0.4988855
24,train,,1,0.4988855
24,train,,1,0.4988855
24,train,,1,0.4988855
24,train,,1,0.4988855
24,train,,1,0.4988855
24,train,,1,0.4988855
24,train,,1,0.4988855
24,train,,1,0.4988855
24,train,,1,0.4988855
24,train,,1,0.4988855
24,train,,1,0.4988855
24,train,,1,0.4988855
24,train,,1,0.4988855
24,train,,1,0.4988855
24,train,,1,0.4988855
24,train,,1,0.4988855
24,train,,1,0.4988855
24,train,,1,0.4988855
24,train,,1,0.4988855
24,train,,1,0.4988855
24,train,,1,0.4988855
24,train,,1,0.4988855
24,train,,1,0.4988855
24,train,,1,0.4988855
24,train,,1,0.4988855
24,train,,1,0.4988855
24,train,,1,0.4988855
24,train,,1,0.4988855
24,val,,0,0.4988855
24,val,,0,0.4988855
24,val,,0,0.4988855
24,val,,0,0.4988855
24,val,,0,0.4988855
24,val,,0,0.4988855
24,val,,0,0.4988855
24,val,,0,0.4988855
24,val,,0,0.4988855
24,val,,0,0.4988855
24,val,,1,0.4988855
24,val,,1,0.4988855
24,val,,1,0.4988855
24,val,,1,0.4988855
24,val,,1,0.4988855
24,val,,1,0.4988855
24,val,,1,0.4988855
24,val,,1,0.4988855
24,val,,1,0.4988855
24,val,,1,0.4988855
24,test,,0,0.4988855
24,test,,0,0.4988855
24,test,,0,0.4988855
24,test,,0,0.4988855
24,test,,0,0.4988855
24,test,,0,0.4988855
24,test,,0,0.4988855
24,test,,0,0.4988855
24,test,,0,0.4988855
24,test,,0,0.4988855
24,test,,1,0.4988855
24,test,,1,0.4988855
24,test,,1,0.4988855
24,test,,1,0.4988855
24,test,,1,0.4988855
24,test,,1,0.4988855
24,test,,1,0.4988855
24,test,,1,0.4988855
24,test,,1,0.4988855
24,test,,1,0.4988855
25,train,,0,0.49965405
25,train,,0,0.49965405
25,train,,0,0.49965405
25,train,,0,0.49965405
25,train,,0,0.49965405
25,train,,0,0.49965405
25,train,,0,0.49965405
25,train,,0,0.49965405
25,train,,0,0.49965405
25,train,,0,0.49965405
25,train,,0,0.49965405
25,train,,0,0.49965405
25,train,,0,0.49965405
25,train,,0,0.49965405
25,train,,0,0.49965405
25,train,,0,0.49965405
25,train,,0,0.49965405
25,train,,0,0.49965405
25,train,,0,0.49965405
25,train,,0,0.49965405
25,train,,0,0.49965405
25,train,,0,0.49965405
25,train,,0,0.49965405
25,train,,0,0.49965405
25,train,,0,0.49965405
25,train,,0,0.49965405
25,train,,0,0.49965405
25,train,,0,0.49965405
25,train,,0,0.49965405
25,train,,0,0.49965405
25,train,,1,0.49965405
25,train,,1,0.49965405
25,train,,1,0.49965405
25,train,,1,0.49965405
25,train,,1,0.49965405
25,train,,1,0.49965405
25,train,,1,0.49965405
25,train,,1,0.49965405
25,train,,1,0.49965405
25,train,,1,0.49965405
25,train,,1,0.49965405
25,train,,1,0.49965405
25,train,,1,0.49965405
25,train,,1,0.49965405
25,train,,1,0.49965405
25,train,,1,0.49965405
25,train,,1,0.49965405
25,train,,1,0.49965405
25,train,,1,0.49965405
25,train,,1,0.49965405
25,train,,1,0.49965405
25,train,,1,0.49965405
25,train,,1,0.49965405
25,train,,1,0.49965405
25,train,,1,0.49965405
25,train,,1,0.49965405
25,train,,1,0.49965405
25,train,,1,0.49965405
25,train,,1,0.49965405
25,train,,1,0.49965405
25,val,,0,0.49965405
25,val,,0,0.49965405
25,val,,0,0.49965405
25,val,,0,0.49965405
25,val,,0,0.49965405
25,val,,0,0.49965405
25,val,,0,0.49965405
25,val,,0,0.49965405
25,val,,0,0.49965405
25,val,,0,0.49965405
25,val,,1,0.49965405
25,val,,1,0.49965405
25,val,,1,0.49965405
25,val,,1,0.49965405
25,val,,1,0.49965405
25,val,,1,0.49965405
25,val,,1,0.49965405
25,val,,1,0.49965405
25,val,,1,0.49965405
25,val,,1,0.49965405
25,test,,0,0.49965405
25,test,,0,0.49965405
25,test,,0,0.49965405
25,test,,0,0.49965405
25,test,,0,0.49965405
25,test,,0,0.49965405
25,test,,0,0.49965405
25,test,,0,0.49965405
25,test,,0,0.49965405
25,test,,0,0.49965405
25,test,,1,0.49965405
25,test,,1,0.49965405
25,test,,1,0.49965405
25,test,,1,0.49965405
25,test,,1,0.49965405
25,test,,1,0.49965405
25,test,,1,0.49965405
25,test,,1,0.49965405
25,test,,1,0.49965405
25,test,,1,0.49965405
26,train,,0,0.46043205
26,train,,0,0.45963278
26,train,,0,0.46043205
26,train,,0,0.46043205
26,train,,0,0.46040377
26,train,,0,0.46043205
26,train,,0,0.46043205
26,train,,0,0.46043205
26,train,,0,0.46043205
26,train,,0,0.32349855
26,train,,0,0.46043205
26,train,,0,0.46043205
26,train,,0,0.32349968
26,train,,0,0.46043205
26,train,,0,0.46043205
26,train,,0,0.46043205
26,train,,0,0.46043205
26,train,,0,0.46043205
26,train,,0,0.4602525
26,train,,0,0.32349968
26,train,,0,0.46043205
26,train,,0,0.46043205
26,train,,0,0.46040508
26,train,,0,0.46043205
26,train,,0,0.46043205
26,train,,0,0.46043205
26,train,,0,0.32349968
26,train,,0,0.46043205
26,train,,0,0.46043205
26,train,,0,0.46043205
26,train,,1,0.46043205
26,train,,1,0.46043205
26,train,,1,0.46043205
26,train,,1,0.46043205
26,train,,1,0.32349968
26,train,,1,0.39107692
26,train,,1,0.46043205
26,train,,1,0.46043205
26,train,,1,0.4602642
26,train,,1,0.46043205
26,train,,1,0.46043205
26,train,,1,0.46043205
26,train,,1,0.32349968
26,train,,1,0.46043205
26,train,,1,0.32349855
26,train,,1,0.46043205
26,train,,1,0.46043205
26,train,,1,0.46041092
26,train,,1,0.3574139
26,train,,1,0.32349968
26,train,,1,0.46043205
26,train,,1,0.46043205
26,train,,1,0.46043205
26,train,,1,0.46043205
26,train,,1,0.46043205
26,train,,1,0.46042478
26,train,,1,0.46043205
26,train,,1,0.46043205
26,train,,1,0.46043205
26,train,,1,0.32349968
26,val,,0,0.32480985
26,val,,0,0.46043205
26,val,,0,0.4604276
26,val,,0,0.46043205
26,val,,0,0.4602783
26,val,,0,0.32464707
26,val,,0,0.4586082
26,val,,0,0.46043205
26,val,,0,0.46042043
26,val,,0,0.46043205
26,val,,1,0.46043205
26,val,,1,0.46043205
26,val,,1,0.46043205
26,val,,1,0.32349968
26,val,,1,0.46043205
26,val,,1,0.46043205
26,val,,1,0.46043205
26,val,,1,0.46043205
26,val,,1,0.46040487
26,val,,1,0.46043205
26,test,,0,0.46043205
26,test,,0,0.46043205
26,test,,0,0.45869526
26,test,,0,0.46043205
26,test,,0,0.46043205
26,test,,0,0.46043205
26,test,,0,0.46043205
26,test,,0,0.46043205
26,test,,0,0.46043205
26,test,,0,0.46043205
26,test,,1,0.46043205
26,test,,1,0.46043205
26,test,,1,0.46043205
26,test,,1,0.46043205
26,test,,1,0.45458284
26,test,,1,0.460303
26,test,,1,0.46043205
26,test,,1,0.46043205
26,test,,1,0.44136992
26,test,,1,0.46042863
